{"SchemaVersion":1,"TemplateType":3,"CardTemplateId":"137c784f-b8c7-449d-aa42-20c587bcaf9d","BaseCardTemplateId":"137c784f-b8c7-449d-aa42-20c587bcaf9d","ParentCardTemplateId":"Announcement","BaseCardTemplateVersion":1,"CardTemplateMinorVersion":1,"Name":"Test Announcement","Icon":"announce.png","Description":"Test","ActionClassifications":"default","CardDataFile":"AppModel.json_processed","VisibleInDrawer":true,"IsLocalised":1,"IsPinned":0,"IsInFocus":0,"ForTesting":0,"IsSearchable":0,"ActionScope":"Single","ConversationSelectionType":"UserSelected","ActionForwardPolicy":0,"Views":[{"ChatCanvasCardView":{"ShowResponseCount":1,"ViewType":"Html","ShowExpiry":0,"ContentSubTextField":"Expiry","ResponseQuestionId":-1,"ShowHeader":1,"ShowFooter":1,"IsResponseEditable":1,"ShowComments":1,"ShowReceipts":1,"ShowLikes":1}},{"CreationView":{"ShowNativeToolbar":0,"ViewType":"Html","BackDialogVisibility":0,"BackDialogTitle":"Back to chat","BackDialogDescription":"Do you want to cancel and go back to chat?","View":"CreateAnnouncement.html","iosView":"CreateAnnouncement.html"}},{"ResponseResultsView":{"Visible":1,"View":"AnnouncementSummary.html","iosView":"AnnouncementSummary.html","ShowNativeToolbar":0,"BackDialogVisibility":0,"BackDialogTitle":"Back to chat","BackDialogDescription":"Do you want to cancel and go back to chat?","ViewType":"Html","ShowCloseCardSection":1,"ShowSendReminderSection":0,"ShowQuestionHeader":1,"LabelPageHeader":"Action","LabelCloseInfo":"Action closes on {0}","LabelActionExpired":"Action is closed","LabelNotResponded":"You have not responded","LabelRespondNow":"Respond now","LabelAddResponse":"Add a new response","LabelQuestions":"ACTION QUESTIONS","LabelCloseAction":"Close Action","LabelShareActionResults":"Share Action results","LabelDuplicateAction":"Duplicate this Action","LabelDuplicateActionSubText":"Copy questions and create a new Action","LabelCloseActionConfirmation":"Are you sure you want to close the action?"}},{"DiscoverView":{"Icon":"DiscoverIcon.png","ShowDrawerTryApp":1,"ShowDrawerPinUnpin":1}}]}