{
  "AnnouncementDetailsPageTitle": "Anúncio",
  "Done": "ENVIAR",
  "IncompleteDetailsAlertTitle": "Adicionar detalhes em falta",
  "IncompleteQuestionDetailsMessage": "Preencha todos os campos obrigatórios.",
  "OK": "OK",
  "QuestionDiscardConfirmationDailogDeleteButton": "REJEITAR",
  "QuestionDiscardConfirmationDailogMessage": "Tem a certeza de que pretende eliminar todas as alterações?",
  "AnnouncementDetailsTitleHeader": "Título (obrigatório)",
  "QuestionDiscardConfirmationDailogBackButton": "CANCELAR",
  "AnnouncementDetailsDescriptionHeader": "Descrição",
  "AnnouncementDetailsDescriptionPlaceholder": "De que trata este anúncio?",
  "AnnouncementDetailsTitlePlaceholder": "Introduza o seu anúncio",
  "AttachmentPickerText": "Adicionar fotografias e muito mais",
  "CardDescription": "Criar anúncios chave ou partilhar atualizações",
  "SubtitleOneOnOneFormat": "Enviar para <b>{0}</b>",
  "SubtitleGroupConversationFormat": "Enviar para <b>{0}</b> pessoas de <b>{1}</b>",
  "BackToChat": "Regressar à conversa",
  "TextLabelAttachmentPicker": "Etiqueta de texto: Selecionador de anexos",
  "_TextLabelAttachmentPicker": "Etiqueta de texto da secção para escolher anexos",
  "AllowImageAttachments": "Permitir anexos de imagens",
  "_AllowImageAttachments": "Opção para permitir anexos de imagens",
  "AllowDocumentAttachments": "Permitir anexos de documentos",
  "_AllowDocumentAttachments": "Opção para permitir anexos de documentos",
  "AllowAudioattachments": "Permitir anexos de áudio",
  "_AllowAudioattachments": "Opção para permitir anexos de áudio",
  "BackDialogDesc": "Pretende cancelar e voltar atrás para conversar?",
  "app_name": "Anúncio",
  "title_sent": "Para <b>%s</b>",
  "subtitle": "%s para <b>%s</b>",
  "all_filter": "Mostrar tudo",
  "grouping_option_string": "Agrupar por pessoas",
  "title_received": "<b>%s</b>",
  "description_string": "%s",
  "_description_string": "Descrição do item de foco",
  "TapToAddPhotosAndDocumentsText": "Toque para adicionar fotografias e muito mais",
  "AnnouncementSummaryPageTitle": "Resumo do anúncio",
  "AnnouncementCreationPageTitle": "Criação do anúncio",
  "hintText": "Texto de sugestão",
  "_hintText": "Marcador de posição para texto de sugestão",
  "viewMore": "Ver mais",
  "_viewMore": "É pedido ao utilizador para tocar para ver mais texto",
  "pdfFileName": "Nome do ficheiro PDF",
  "_pdfFileName": "Nome do ficheiro com o formato PDF",
  "audioFileName": "Nome do ficheiro de áudio",
  "_audioFileName": "Nome do ficheiro no formato de áudio",
  "textboxTitle": "Caixa de texto: título",
  "_textboxTitle": "Cabeçalho de entrada para aceitar o título da caixa de texto"
}