{
  "AnnouncementDetailsPageTitle": "Annonce",
  "Done": "ENVOYER",
  "IncompleteDetailsAlertTitle": "Ajout de détails manquants",
  "IncompleteQuestionDetailsMessage": "Remplissez tous les champs obligatoires.",
  "OK": "OK",
  "QuestionDiscardConfirmationDailogDeleteButton": "ABANDONNER",
  "QuestionDiscardConfirmationDailogMessage": "Voulez-vous vraiment ignorer toutes les modifications ?",
  "AnnouncementDetailsTitleHeader": "Titre (obligatoire)",
  "QuestionDiscardConfirmationDailogBackButton": "ANNULER",
  "AnnouncementDetailsDescriptionHeader": "Description",
  "AnnouncementDetailsDescriptionPlaceholder": "Quel est l’objet de cette annonce ?",
  "AnnouncementDetailsTitlePlaceholder": "Entrez votre annonce",
  "AttachmentPickerText": "Ajouter des photos et d’autres éléments",
  "CardDescription": "Publiez des annonces importantes ou partagez des nouveautés",
  "SubtitleOneOnOneFormat": "Envoyer à <b>{0}</b>",
  "SubtitleGroupConversationFormat": "Envoyer à <b>{0}</b> contact(s) sur <b>{1}</b>",
  "BackToChat": "Retour à la conversation",
  "TextLabelAttachmentPicker": "Étiquette de texte : sélecteur de pièces jointes",
  "_TextLabelAttachmentPicker": "Étiquette de texte de la section de sélection des pièces jointes",
  "AllowImageAttachments": "Autoriser les images en pièces jointes",
  "_AllowImageAttachments": "Option autorisant les images en pièces jointes",
  "AllowDocumentAttachments": "Autoriser les documents en pièces jointes",
  "_AllowDocumentAttachments": "Option autorisant les documents en pièces jointes",
  "AllowAudioattachments": "Autoriser les fichiers audio en pièces jointes",
  "_AllowAudioattachments": "Option autorisant les fichiers audio en pièces jointes",
  "BackDialogDesc": "Voulez-vous annuler et revenir à la conversation ?",
  "app_name": "Annonce",
  "title_sent": "À <b>%s</b>",
  "subtitle": "%s à <b>%s</b>",
  "all_filter": "Afficher tout",
  "grouping_option_string": "Regrouper par contacts",
  "title_received": "<b>%s</b>",
  "description_string": "%s",
  "_description_string": "Description de l’élément en focus",
  "TapToAddPhotosAndDocumentsText": "Appuyez pour ajouter des photos, etc.",
  "AnnouncementSummaryPageTitle": "Résumé de l’annonce",
  "AnnouncementCreationPageTitle": "Création de l’annonce",
  "hintText": "Texte d’information",
  "_hintText": "Espace réservé du texte d’information",
  "viewMore": "Afficher plus",
  "_viewMore": "L’utilisateur est invité à appuyer pour afficher plus de texte",
  "pdfFileName": "Nom du fichier PDF",
  "_pdfFileName": "Nom du fichier au format PDF",
  "audioFileName": "Nom du fichier audio",
  "_audioFileName": "Nom du fichier au format audio",
  "textboxTitle": "Zone de texte : Titre",
  "_textboxTitle": "En-tête de l’entrée permettant d’accepter le titre de la zone de texte"
}