{
  "AnnouncementDetailsPageTitle": "Duyuru",
  "Done": "GÖNDER",
  "IncompleteDetailsAlertTitle": "Eksik Ayrıntıları Ekleme",
  "IncompleteQuestionDetailsMessage": "Lütfen tüm gerekli alanları doldurun.",
  "OK": "Tamam",
  "QuestionDiscardConfirmationDailogDeleteButton": "SİL",
  "QuestionDiscardConfirmationDailogMessage": "Tüm değişiklikleri silmek istediğinizden emin misiniz?",
  "AnnouncementDetailsTitleHeader": "Başlık (Gerekli)",
  "QuestionDiscardConfirmationDailogBackButton": "İPTAL",
  "AnnouncementDetailsDescriptionHeader": "Açıklama",
  "AnnouncementDetailsDescriptionPlaceholder": "Bu duyuru ne hakkında?",
  "AnnouncementDetailsTitlePlaceholder": "Lütfen duyurunuzu girin",
  "AttachmentPickerText": "Fotoğraf ekleyin ve daha fazlasını gerçekleştirin",
  "CardDescription": "Önemli duyurular yapın veya güncelleştirmeler paylaşın",
  "SubtitleOneOnOneFormat": "<b>{0}</b> kişiye gönder",
  "SubtitleGroupConversationFormat": "<b>{1}</b> kişiden <b>{0}</b> kişiye gönder",
  "BackToChat": "Sohbete geri dön",
  "TextLabelAttachmentPicker": "Metin Etiketi: Ek Seçici",
  "_TextLabelAttachmentPicker": "Ek seçme bölümü için metin etiketi",
  "AllowImageAttachments": "Resim eklerine izin ver",
  "_AllowImageAttachments": "Resim eklerine izin ver seçeneği",
  "AllowDocumentAttachments": "Belge eklerine izin ver",
  "_AllowDocumentAttachments": "Belge eklerine izin ver seçeneği",
  "AllowAudioattachments": "Ses eklerine izin ver",
  "_AllowAudioattachments": "Ses eklerine izin ver seçeneği",
  "BackDialogDesc": "İptal edip sohbete geri dönmek istiyor musunuz?",
  "app_name": "Duyuru",
  "title_sent": "<b>%s</b>",
  "subtitle": "%s / <b>%s</b>",
  "all_filter": "Tümünü göster",
  "grouping_option_string": "Kişilere göre gruplandır",
  "title_received": "<b>%s</b>",
  "description_string": "%s",
  "_description_string": "Odak Öğesi açıklaması",
  "TapToAddPhotosAndDocumentsText": "Fotoğraf eklemek ve daha fazlasını gerçekleştirmek için dokunun",
  "AnnouncementSummaryPageTitle": "Duyuru Özeti",
  "AnnouncementCreationPageTitle": "Duyuru Oluşturma",
  "hintText": "İpucu Metni",
  "_hintText": "İpucu metni için yer tutucu",
  "viewMore": "Daha Fazlasını Görüntüleyin",
  "_viewMore": "Daha fazla metin görüntülemek için kullanıcıdan dokunması istendi",
  "pdfFileName": "PDF Dosyası Adı",
  "_pdfFileName": "PDF biçimine sahip dosyanın adı",
  "audioFileName": "Ses Dosyası Adı",
  "_audioFileName": "Ses biçimine sahip dosyanın adı",
  "textboxTitle": "Metin Kutusu: Başlık",
  "_textboxTitle": "Metin kutusu başlığını kabul etme girişinin üst bilgisi"
}